{
  "configVersion": 1,
  "timestamp": 1768841305392,
  "index": "/crm/index.html",
  "assetGroups": [
    {
      "name": "app",
      "installMode": "prefetch",
      "updateMode": "prefetch",
      "cacheQueryOptions": {
        "ignoreVary": true
      },
      "urls": [
        "/crm/chunk-2332MFLU.js",
        "/crm/chunk-4TXT6YXI.js",
        "/crm/chunk-63UBZNPJ.js",
        "/crm/chunk-A6BEGDPE.js",
        "/crm/chunk-FSHJINJL.js",
        "/crm/chunk-FX4ASD7C.js",
        "/crm/chunk-HZ7H2SJB.js",
        "/crm/chunk-JBNYGXR5.js",
        "/crm/chunk-K6NLPC56.js",
        "/crm/chunk-KWIQNMJR.js",
        "/crm/chunk-LC2L7HO3.js",
        "/crm/chunk-LWAFKIEC.js",
        "/crm/chunk-M2AFXOFD.js",
        "/crm/chunk-MU7W6QHL.js",
        "/crm/chunk-MZ533V7Z.js",
        "/crm/chunk-MZNXKBK7.js",
        "/crm/chunk-NDWAXSZL.js",
        "/crm/chunk-NWTYO5EN.js",
        "/crm/chunk-NX5QDTRQ.js",
        "/crm/chunk-P7HTB2PA.js",
        "/crm/chunk-RDVJWPEO.js",
        "/crm/chunk-RP77GGAX.js",
        "/crm/chunk-SKIN7FUC.js",
        "/crm/chunk-SZY4TE5Y.js",
        "/crm/chunk-TDY5NWLB.js",
        "/crm/chunk-TZCROUEL.js",
        "/crm/chunk-U363NYTV.js",
        "/crm/chunk-UDRDM3ES.js",
        "/crm/chunk-UFA3K436.js",
        "/crm/chunk-UYFJHQXG.js",
        "/crm/chunk-VGQUYS4Q.js",
        "/crm/chunk-W3G7447D.js",
        "/crm/chunk-WGFR4K2J.js",
        "/crm/chunk-WPJRKZT3.js",
        "/crm/chunk-Y4UYIPBQ.js",
        "/crm/chunk-YXNGA7DL.js",
        "/crm/index.html",
        "/crm/main-GWPMUTDJ.js",
        "/crm/manifest.webmanifest",
        "/crm/polyfills-PZSJNBYU.js",
        "/crm/styles-OD4LJSHY.css"
      ],
      "patterns": []
    },
    {
      "name": "assets",
      "installMode": "lazy",
      "updateMode": "prefetch",
      "cacheQueryOptions": {
        "ignoreVary": true
      },
      "urls": [
        "/crm/assets/LOGO-01.png",
        "/crm/assets/LOGO-02.png",
        "/crm/assets/LOGO-03.png",
        "/crm/assets/LOGO-04.png",
        "/crm/assets/LOGO-05.png",
        "/crm/assets/LOGO-06.png",
        "/crm/assets/brand/coreui-angular-white.svg",
        "/crm/assets/brand/coreui-angular.svg",
        "/crm/assets/brand/coreui-base-white.svg",
        "/crm/assets/brand/coreui-base.svg",
        "/crm/assets/brand/coreui-signet-white.svg",
        "/crm/assets/brand/coreui-signet.svg",
        "/crm/assets/brand/extracted/page10_img1.jpeg",
        "/crm/assets/brand/extracted/page10_img2.png",
        "/crm/assets/brand/extracted/page10_img3.png",
        "/crm/assets/brand/extracted/page10_img4.jpeg",
        "/crm/assets/brand/extracted/page10_img5.jpeg",
        "/crm/assets/brand/extracted/page11_img1.jpeg",
        "/crm/assets/brand/extracted/page12_img1.jpeg",
        "/crm/assets/brand/extracted/page12_img2.png",
        "/crm/assets/brand/extracted/page12_img3.png",
        "/crm/assets/brand/extracted/page12_img4.png",
        "/crm/assets/brand/extracted/page12_img5.jpeg",
        "/crm/assets/brand/extracted/page12_img6.jpeg",
        "/crm/assets/brand/extracted/page12_img7.jpeg",
        "/crm/assets/brand/extracted/page1_img1.jpeg",
        "/crm/assets/brand/extracted/page2_img1.jpeg",
        "/crm/assets/brand/extracted/page3_img1.jpeg",
        "/crm/assets/brand/extracted/page4_img1.jpeg",
        "/crm/assets/brand/extracted/page5_img1.jpeg",
        "/crm/assets/brand/extracted/page6_img1.jpeg",
        "/crm/assets/brand/extracted/page7_img1.jpeg",
        "/crm/assets/brand/extracted/page8_img1.jpeg",
        "/crm/assets/brand/extracted/page9_img1.jpeg",
        "/crm/assets/fondo.png",
        "/crm/assets/images/angular.jpg",
        "/crm/assets/images/avatars/1.jpg",
        "/crm/assets/images/avatars/2.jpg",
        "/crm/assets/images/avatars/3.jpg",
        "/crm/assets/images/avatars/4.jpg",
        "/crm/assets/images/avatars/5.jpg",
        "/crm/assets/images/avatars/6.jpg",
        "/crm/assets/images/avatars/7.jpg",
        "/crm/assets/images/avatars/8.jpg",
        "/crm/assets/images/avatars/9.jpg",
        "/crm/assets/images/components.webp",
        "/crm/assets/images/icons.webp",
        "/crm/assets/images/react.jpg",
        "/crm/assets/images/vue.jpg",
        "/crm/assets/img/default-avatar.svg",
        "/crm/assets/logo-horizontal-dark.svg",
        "/crm/assets/logo-horizontal-gold.svg",
        "/crm/assets/logo.jpg",
        "/crm/assets/logo.png",
        "/crm/icons/icon-128x128.png",
        "/crm/icons/icon-144x144.png",
        "/crm/icons/icon-152x152.png",
        "/crm/icons/icon-192x192.png",
        "/crm/icons/icon-384x384.png",
        "/crm/icons/icon-512x512.png",
        "/crm/icons/icon-72x72.png",
        "/crm/icons/icon-96x96.png"
      ],
      "patterns": []
    }
  ],
  "dataGroups": [],
  "hashTable": {
    "/crm/assets/LOGO-01.png": "d7c6da403b0ee0b3d2e4e1f43b457e8e26c8e8e7",
    "/crm/assets/LOGO-02.png": "54ea2ae21e39fa5ed792cc43ef0768ca7be10261",
    "/crm/assets/LOGO-03.png": "eb3d260fabb35c8f084d3f8ce094bc1dd921726c",
    "/crm/assets/LOGO-04.png": "871a724f73185c9caf7c84a7457ba778a51f2c0b",
    "/crm/assets/LOGO-05.png": "288d9e4fe343aa7f626ce3994d56f1a15f11c8e0",
    "/crm/assets/LOGO-06.png": "d518ab340ddc66db5c4f51bd1ffc26d8bc337e31",
    "/crm/assets/brand/coreui-angular-white.svg": "e9bf0d2287975cedb9c51547a0e3a2200fa5b804",
    "/crm/assets/brand/coreui-angular.svg": "6e200769e266bf23f4630f751dac2845030fb1aa",
    "/crm/assets/brand/coreui-base-white.svg": "9b143b6d3c01a0a807ef11f59f44f62afc694a68",
    "/crm/assets/brand/coreui-base.svg": "735f580cf612603263b0eb61340837828213d309",
    "/crm/assets/brand/coreui-signet-white.svg": "16862e9d7aaa2df56c746c41bc3fbd0426fe0525",
    "/crm/assets/brand/coreui-signet.svg": "06d42e758e3183228d75687ceef6b15fd233401d",
    "/crm/assets/brand/extracted/page10_img1.jpeg": "f3b56b15a70c95cc8ed4f1be7de22fb5662a4fe8",
    "/crm/assets/brand/extracted/page10_img2.png": "fcc6b3042cc8a8fa841b60a3c27dcd2ccba87329",
    "/crm/assets/brand/extracted/page10_img3.png": "fcc6b3042cc8a8fa841b60a3c27dcd2ccba87329",
    "/crm/assets/brand/extracted/page10_img4.jpeg": "a9eefd66821b7aeca5876f37c5515410a55b65ea",
    "/crm/assets/brand/extracted/page10_img5.jpeg": "3c320c481f2459398672bf68d4778684eef7bc1d",
    "/crm/assets/brand/extracted/page11_img1.jpeg": "bd2f9c0d10b1c82a194233348aa011c04630d540",
    "/crm/assets/brand/extracted/page12_img1.jpeg": "f3b56b15a70c95cc8ed4f1be7de22fb5662a4fe8",
    "/crm/assets/brand/extracted/page12_img2.png": "bff35f854d123c086f679db94aaa0412c5ac9be0",
    "/crm/assets/brand/extracted/page12_img3.png": "bff35f854d123c086f679db94aaa0412c5ac9be0",
    "/crm/assets/brand/extracted/page12_img4.png": "a87af84f970f0329058abfcf1fbf07fee211c28b",
    "/crm/assets/brand/extracted/page12_img5.jpeg": "ef76d3ab8b548d7c81c8055326c5af73d61651d3",
    "/crm/assets/brand/extracted/page12_img6.jpeg": "fd08a28a49a65d1e9795ecdafd8fc43d0520cb40",
    "/crm/assets/brand/extracted/page12_img7.jpeg": "01bb741682ff8422dd6ba0d092fca06c51323e57",
    "/crm/assets/brand/extracted/page1_img1.jpeg": "ab0ceb64ac12cd5c55f3d72c1b9f0df68ea0d8ec",
    "/crm/assets/brand/extracted/page2_img1.jpeg": "f3b56b15a70c95cc8ed4f1be7de22fb5662a4fe8",
    "/crm/assets/brand/extracted/page3_img1.jpeg": "f3b56b15a70c95cc8ed4f1be7de22fb5662a4fe8",
    "/crm/assets/brand/extracted/page4_img1.jpeg": "f3b56b15a70c95cc8ed4f1be7de22fb5662a4fe8",
    "/crm/assets/brand/extracted/page5_img1.jpeg": "f3b56b15a70c95cc8ed4f1be7de22fb5662a4fe8",
    "/crm/assets/brand/extracted/page6_img1.jpeg": "f3b56b15a70c95cc8ed4f1be7de22fb5662a4fe8",
    "/crm/assets/brand/extracted/page7_img1.jpeg": "f3b56b15a70c95cc8ed4f1be7de22fb5662a4fe8",
    "/crm/assets/brand/extracted/page8_img1.jpeg": "f3b56b15a70c95cc8ed4f1be7de22fb5662a4fe8",
    "/crm/assets/brand/extracted/page9_img1.jpeg": "f3b56b15a70c95cc8ed4f1be7de22fb5662a4fe8",
    "/crm/assets/fondo.png": "4b1cfb4c911a39bc70261708c8420191201f18c8",
    "/crm/assets/images/angular.jpg": "c1200a85ff21d20c3887e5818ca8668facaba0a7",
    "/crm/assets/images/avatars/1.jpg": "c63395f874003b10fcd9cbf781fa0ad95f6e0c2d",
    "/crm/assets/images/avatars/2.jpg": "fa36f73b802882ec05f2de93625e455643600961",
    "/crm/assets/images/avatars/3.jpg": "aed4ebdd5c6a2826699b74f76d71fbe9d64120ea",
    "/crm/assets/images/avatars/4.jpg": "d3269c37a6a3205227a47146355fe43fce90e2e1",
    "/crm/assets/images/avatars/5.jpg": "75de18738bb23aae66399ec1bfacee9aa747372a",
    "/crm/assets/images/avatars/6.jpg": "4ec791284eb69db6d2c6e7af34cbd66b06b55040",
    "/crm/assets/images/avatars/7.jpg": "d6f1e3988c33e750c026c32d3a2aea36430638dc",
    "/crm/assets/images/avatars/8.jpg": "30afc389aca06c2be7ae2ff499f2c2c4e28abaa6",
    "/crm/assets/images/avatars/9.jpg": "9832b9d39d0be24797df99e8e588e097ed831cd5",
    "/crm/assets/images/components.webp": "89bc79efce42f5445903deaecfffebf22e8af565",
    "/crm/assets/images/icons.webp": "d744eb638aba5237eee63bce3c00cbce1fdbfecd",
    "/crm/assets/images/react.jpg": "1767f250565940127485e79550c644cbc6f27763",
    "/crm/assets/images/vue.jpg": "c8c1fd2aee554a661dcb0da3d4592b09876bc855",
    "/crm/assets/img/default-avatar.svg": "73d97223e27aaac79d0dab2f7b13876e774d97fe",
    "/crm/assets/logo-horizontal-dark.svg": "34837a3191464ae022fb88f3cbff7184f1b5d5f6",
    "/crm/assets/logo-horizontal-gold.svg": "7b1614591f7e7b9013b9efb292a8f7898085925c",
    "/crm/assets/logo.jpg": "c0cc7e9b518fd7ec0a4cccf0bf29d9de4987eed2",
    "/crm/assets/logo.png": "3e90906b38cd4aada9cbe639affcc475922bcff3",
    "/crm/chunk-2332MFLU.js": "88a91b142718974a2993e3d4943912dfe79f939b",
    "/crm/chunk-4TXT6YXI.js": "2866131262d5c4d87ea6fffef96b46716eab5832",
    "/crm/chunk-63UBZNPJ.js": "2d78d62715705fac4fbd18735fd57d18e34c8369",
    "/crm/chunk-A6BEGDPE.js": "86ced5c24332caaaac897a2403efd5c05de8aea6",
    "/crm/chunk-FSHJINJL.js": "4254d239be388c833424212d6963921970130253",
    "/crm/chunk-FX4ASD7C.js": "4145745064c18245599be066b52ed377216cef3f",
    "/crm/chunk-HZ7H2SJB.js": "0d2f175585091535dea137e57515954186c7a93c",
    "/crm/chunk-JBNYGXR5.js": "cee2ab16b0746aa667e44e3380408b332dac3036",
    "/crm/chunk-K6NLPC56.js": "5a8045db80cfe8d4b4da07af4046a2487e76c346",
    "/crm/chunk-KWIQNMJR.js": "22fcaa079839487ecf1b573510e66b20486ccdca",
    "/crm/chunk-LC2L7HO3.js": "d1ca0ca6072e85e825c02afae29701daba156a31",
    "/crm/chunk-LWAFKIEC.js": "63f7f40be59de0bb9211b73d2e62ac7a2eb0cfba",
    "/crm/chunk-M2AFXOFD.js": "505572432e37f35f4b78f2196e3c5599781823b0",
    "/crm/chunk-MU7W6QHL.js": "0ede370854d1f7607749b80df643bd3b4463b49d",
    "/crm/chunk-MZ533V7Z.js": "5cab564c907033ee7532fe4dab1037c7615ecf02",
    "/crm/chunk-MZNXKBK7.js": "8dbf9aa09525acc6ed8320ee55ecb2a017369f5e",
    "/crm/chunk-NDWAXSZL.js": "426b3a0d611d0311c05b6a1803d82106078ac9da",
    "/crm/chunk-NWTYO5EN.js": "c589925b84d45b77c00e61cef20478bf03b977d4",
    "/crm/chunk-NX5QDTRQ.js": "1b2b8621e41c692f9b378b0d278eba62bc81e2fb",
    "/crm/chunk-P7HTB2PA.js": "601947787a1aa36a4e69921a9043dfdce27923f5",
    "/crm/chunk-RDVJWPEO.js": "5f6499dd5a59a85b00d5c531f1ced2ff1fb91110",
    "/crm/chunk-RP77GGAX.js": "3d1a699384e31a50f8879b8bfb1013ebc52075f4",
    "/crm/chunk-SKIN7FUC.js": "fe96f95a7fcee871da9cf1d1850b2fc6dcf7f6ec",
    "/crm/chunk-SZY4TE5Y.js": "a5a31cc50f8106f81fc087ec20d4cd3f09e5c7fc",
    "/crm/chunk-TDY5NWLB.js": "16c3ff867b52938cd84745c42b783c6c816a447c",
    "/crm/chunk-TZCROUEL.js": "f0e06a53799debfd6d6c64abd0f36c762bbd2de3",
    "/crm/chunk-U363NYTV.js": "e31edad018398e89be6c8a6d9bbf282c11c63868",
    "/crm/chunk-UDRDM3ES.js": "0880f66826fe7e45d01a7900c2c2f892c2e3d43d",
    "/crm/chunk-UFA3K436.js": "623ca3583feef1b76574a135b83f96351a4e54f7",
    "/crm/chunk-UYFJHQXG.js": "9078b55628aa9a1367b78005775c7b584c412ed5",
    "/crm/chunk-VGQUYS4Q.js": "89c4ee685c39ba0f4fc9dd2de05271e8ce002034",
    "/crm/chunk-W3G7447D.js": "d5f7c4c452d6ebc2f318d3083c3527410aa9d15b",
    "/crm/chunk-WGFR4K2J.js": "961cfa5bd2258728c6d16068c1ff6a147ae5b903",
    "/crm/chunk-WPJRKZT3.js": "c7fb007cc1bbc88e938b98f3092d677e7caec4a5",
    "/crm/chunk-Y4UYIPBQ.js": "24790676e6b2e804db40fba9ec29c80252cfee77",
    "/crm/chunk-YXNGA7DL.js": "7b8c2584ebd6420a5528bc57fd1450f909076afc",
    "/crm/icons/icon-128x128.png": "c6ee6cebbb9f5c08418d8e8449a733db7f6b9e15",
    "/crm/icons/icon-144x144.png": "0fa7b2d266ec5ed8658dc58b3ff1dea4478c5ad8",
    "/crm/icons/icon-152x152.png": "873f35d4eb5c6ed54b06cfa31c93a73f16654a37",
    "/crm/icons/icon-192x192.png": "e1286730e870b7e51cb04c8530b73e4d6f65df37",
    "/crm/icons/icon-384x384.png": "5eb922aefa3a2e01e58989a78885878b7a441230",
    "/crm/icons/icon-512x512.png": "b8d85af1cd44d534a7f05fff7f6dccf28ed5d2a6",
    "/crm/icons/icon-72x72.png": "37c43ac5b04814cfc77a43b55744110a6bc6280e",
    "/crm/icons/icon-96x96.png": "7155d16acecc02c323e0678ab2e8ac51ef4c2294",
    "/crm/index.html": "420aaf6dc4e15c530f754bfe6f8d6af2a5b9ce26",
    "/crm/main-GWPMUTDJ.js": "9983fc40dd655a7ce44511a3df3b584a35d73055",
    "/crm/manifest.webmanifest": "fdad548f9a31bc68386da0050f43939316ad9038",
    "/crm/polyfills-PZSJNBYU.js": "38c9b370c0e9f9f932fe77ca39c98f09dc174b4d",
    "/crm/styles-OD4LJSHY.css": "d446f74ab4d2071a24be2ffd0d3577f1afad3623"
  },
  "navigationUrls": [
    {
      "positive": true,
      "regex": "^\\/.*$"
    },
    {
      "positive": false,
      "regex": "^\\/(?:.+\\/)?[^/]*\\.[^/]*$"
    },
    {
      "positive": false,
      "regex": "^\\/(?:.+\\/)?[^/]*__[^/]*$"
    },
    {
      "positive": false,
      "regex": "^\\/(?:.+\\/)?[^/]*__[^/]*\\/.*$"
    }
  ],
  "navigationRequestStrategy": "performance"
}